,PLAYER,TEAM,AGE,HEIGHT,WEIGHT,COLLEGE,COUNTRY,DRAFT YEAR,DRAFT ROUND,DRAFT NUMBER,GP,PTS,REB,AST,NETRTG,OREB%,DREB%,USG%,TS%,AST%
1,AJ Hammons,DAL,24,84.00,260,Purdue,USA,2016,2,46,22,2.2,1.6,0.2,-0.6,0.049,0.199,0.167,0.472,0.038
2,Aaron Brooks,IND,32,72.00,161,Oregon,USA,2007,1,26,65,5,1.1,1.9,-3,0.022,0.064,0.191,0.507,0.216
3,Aaron Gordon,ORL,21,81.00,220,Arizona,USA,2014,1,4,80,12.7,5.1,1.9,-2.8,0.054,0.141,0.2,0.53,0.097
4,Aaron Harrison,CHA,22,78.00,210,Kentucky,USA,Undrafted,Undrafted,Undrafted,5,0.2,0.6,0.6,-18.6,0,0.2,0.142,0.102,0.375
5,Adreian Payne,MIN,26,82.00,237,Michigan State,USA,2014,1,15,18,3.5,1.8,0.4,0.8,0.069,0.2,0.224,0.505,0.089
6,Al Horford,BOS,31,82.00,245,Florida,Dominican Rep...,2007,1,3,68,14,6.8,5,5,0.049,0.183,0.199,0.553,0.239
7,Al Jefferson,IND,32,82.00,289,None,USA,2004,1,15,66,8.1,4.2,0.9,-5.8,0.086,0.251,0.26,0.526,0.114
8,Al-Farouq Aminu,POR,26,81.00,220,Wake Forest,USA,2010,1,8,61,8.7,7.4,1.6,1.8,0.049,0.232,0.158,0.506,0.082
9,Alan Anderson,LAC,34,78.00,220,Michigan State,USA,Undrafted,Undrafted,Undrafted,30,2.9,0.8,0.4,-10.8,0.011,0.077,0.142,0.494,0.052
10,Alan Williams,PHX,24,80.00,260,California-Santa Barbara,USA,Undrafted,Undrafted,Undrafted,47,7.4,6.2,0.5,-0.3,0.138,0.293,0.206,0.547,0.049
11,Alec Burks,UTA,25,78.00,214,Colorado,USA,2011,1,12,42,6.7,2.9,0.7,0.1,0.029,0.18,0.219,0.501,0.074
12,Alex Abrines,OKC,23,78.00,190,None,Spain,2013,2,32,68,6,1.3,0.6,-2.3,0.019,0.074,0.157,0.56,0.055
13,Alex Len,PHX,24,85.00,260,Maryland,Ukraine,2013,1,5,77,8,6.6,0.6,-11.1,0.104,0.251,0.176,0.553,0.043
14,Alex Poythress,PHI,23,79.00,238,Kentucky,USA,Undrafted,Undrafted,Undrafted,6,10.7,4.8,0.8,-9.6,0.073,0.137,0.166,0.548,0.052
15,Alexis Ajinca,NOP,29,86.00,248,None,France,2008,1,20,39,5.3,4.5,0.3,-4.7,0.084,0.225,0.171,0.529,0.031
16,Allen Crabbe,POR,25,78.00,215,California,USA,2013,2,31,79,10.7,2.9,1.2,-2.8,0.009,0.105,0.149,0.602,0.063
17,Alonzo Gee,DEN,30,78.00,225,Alabama,USA,Undrafted,Undrafted,Undrafted,13,0.8,1.2,0.5,1.4,0.046,0.136,0.108,0.306,0.092
18,Amir Johnson,BOS,30,81.00,240,None,USA,2005,2,56,80,6.5,4.6,1.8,8,0.084,0.169,0.138,0.628,0.125
19,Anderson Varejao,GSW,34,83.00,273,None,Brazil,2004,2,30,14,1.3,1.9,0.7,-8.4,0.133,0.188,0.124,0.478,0.152
20,Andre Drummond,DET,23,83.00,279,Connecticut,USA,2012,1,9,81,13.6,13.8,1.1,-6.3,0.146,0.373,0.224,0.518,0.06
21,Andre Iguodala,GSW,33,78.00,215,Arizona,USA,2004,1,9,76,7.6,4,3.4,13.4,0.03,0.131,0.113,0.624,0.169
22,Andre Roberson,OKC,25,79.00,210,Colorado,USA,2013,1,26,79,6.6,5.1,1,2.8,0.046,0.138,0.1,0.51,0.045
23,Andrew Bogut,CLE,32,84.00,260,Utah,Australia,2005,1,1,27,2.9,8.1,1.8,-1.7,0.103,0.32,0.106,0.46,0.133
24,Andrew Harrison,MEM,22,78.00,213,Kentucky,USA,2015,2,44,72,5.9,1.9,2.8,-0.3,0.017,0.09,0.164,0.477,0.209
25,Andrew Nicholson,BKN,27,81.00,250,St. Bonaventure,Canada,2012,1,19,38,2.6,1.6,0.3,-17.6,0.05,0.156,0.178,0.427,0.047
26,Andrew Wiggins,MIN,22,80.00,199,Kansas,Canada,2014,1,1,82,23.6,4,2.3,-0.5,0.039,0.087,0.288,0.534,0.104
27,Anthony Bennett,BKN,24,80.00,235,Nevada-Las Vegas,Canada,2013,1,1,23,5,3.4,0.5,-10.6,0.104,0.207,0.191,0.533,0.075
28,Anthony Brown,ORL,24,79.00,211,Stanford,USA,2015,2,34,11,3.9,3,0.7,1.3,0.048,0.163,0.158,0.43,0.08
29,Anthony Davis,NOP,24,83.00,253,Kentucky,USA,2012,1,1,75,28,11.8,2.1,1.7,0.067,0.269,0.326,0.58,0.11
30,Anthony Morrow,CHI,31,77.00,210,Georgia Tech,USA,Undrafted,Undrafted,Undrafted,49,5.5,0.6,0.5,-1.8,0.018,0.03,0.161,0.505,0.052
31,Anthony Tolliver,SAC,32,80.00,240,Creighton,USA,Undrafted,Undrafted,Undrafted,65,7.1,3.6,1.2,-4.8,0.041,0.148,0.135,0.595,0.077
32,Archie Goodwin,BKN,22,77.00,205,Kentucky,USA,2013,1,29,15,7.3,1.9,1.6,-5.4,0.039,0.106,0.209,0.651,0.186
33,Arinze Onuaku,ORL,29,81.00,255,Syracuse,USA,Undrafted,Undrafted,Undrafted,8,0.5,0.8,0.3,-30.5,0.069,0.211,0.103,0.5,0.143
34,Aron Baynes,DET,30,82.00,260,Washington State,Australia,Undrafted,Undrafted,Undrafted,75,4.9,4.4,0.4,5.2,0.108,0.206,0.143,0.57,0.039
35,Arron Afflalo,SAC,31,77.00,210,UCLA,USA,2007,1,27,61,8.4,2,1.3,-7.7,0.007,0.087,0.147,0.559,0.077
36,Austin Rivers,LAC,24,76.00,200,Duke,USA,2012,1,10,74,12,2.2,2.8,-0.1,0.011,0.076,0.203,0.545,0.155
37,Avery Bradley,BOS,26,74.00,180,Texas,USA,2010,1,19,55,16.3,6.1,2.2,1.2,0.04,0.161,0.218,0.548,0.107
38,Axel Toupane,NOP,24,79.00,210,None,France,Undrafted,Undrafted,Undrafted,4,2.8,0.3,0,-6.8,0,0.023,0.086,0.611,0
39,Ben Bentil,DAL,22,81.00,235,Providence,Ghana,2016,2,51,3,0,0.7,0,-44,0,0.25,0.184,0,0
40,Ben McLemore,SAC,24,77.00,195,Kansas,USA,2013,1,7,61,8.1,2.1,0.8,-6.5,0.019,0.106,0.201,0.538,0.068
41,Beno Udrih,DET,34,75.00,205,None,Slovenia,2004,1,28,39,5.8,1.5,3.4,5.4,0.012,0.102,0.201,0.535,0.364
42,Bismack Biyombo,ORL,24,81.00,255,None,Democratic Re...,2011,1,7,81,6,7,0.9,-9.4,0.094,0.256,0.135,0.546,0.065
43,Blake Griffin,LAC,28,82.00,251,Oklahoma,USA,2009,1,1,61,21.6,8.1,4.9,10.6,0.064,0.204,0.278,0.569,0.235
44,Boban Marjanovic,DET,28,87.00,290,None,Serbia,Undrafted,Undrafted,Undrafted,35,5.5,3.7,0.3,1.9,0.166,0.313,0.248,0.606,0.054
45,Bobby Brown,HOU,32,74.00,175,Cal State-Fullerton,USA,Undrafted,Undrafted,Undrafted,25,2.5,0.2,0.6,-12.1,0,0.05,0.234,0.509,0.175
46,Bobby Portis,CHI,22,83.00,246,Arkansas,USA,2015,1,22,64,6.8,4.6,0.5,-4.3,0.078,0.242,0.193,0.545,0.059
47,Bojan Bogdanovic,WAS,28,80.00,225,None,Bosnia,2011,2,31,81,13.7,3.4,1.4,-7,0.02,0.124,0.224,0.585,0.086
48,Boris Diaw,UTA,35,80.00,250,None,France,2003,1,21,73,4.6,2.2,2.3,2.4,0.043,0.103,0.158,0.494,0.207
49,Bradley Beal,WAS,24,77.00,207,Florida,USA,2012,1,3,77,23.1,3.1,3.5,5.6,0.022,0.078,0.263,0.604,0.154
50,Brandan Wright,MEM,29,82.00,210,North Carolina,USA,2007,1,8,28,6.8,2.8,0.5,3.9,0.078,0.115,0.166,0.628,0.06
51,Brandon Bass,LAC,32,80.00,250,Louisiana State,USA,2005,2,33,52,5.6,2.5,0.4,-13,0.086,0.165,0.2,0.65,0.063
52,Brandon Ingram,LAL,19,81.00,190,Duke,USA,2016,1,2,79,9.4,4,2.1,-8,0.028,0.128,0.169,0.474,0.105
53,Brandon Jennings,WAS,27,73.00,170,None,USA,2009,1,10,81,7.1,2.4,4.9,-3,0.018,0.1,0.175,0.479,0.308
54,Brandon Knight,PHX,25,75.00,195,Kentucky,USA,2011,1,8,54,11,2.2,2.4,-12.1,0.023,0.094,0.253,0.502,0.194
55,Brandon Rush,MIN,31,78.00,225,Kansas,USA,2008,1,13,47,4.2,2.1,1,-0.8,0.019,0.089,0.097,0.505,0.058
56,Brian Roberts,CHA,31,73.00,173,Dayton,USA,Undrafted,Undrafted,Undrafted,41,3.5,1,1.3,-7,0.013,0.094,0.186,0.51,0.214
57,Briante Weber,CHA,24,74.00,165,Virginia Commonwealth,USA,Undrafted,Undrafted,Undrafted,20,3.1,1.3,1.1,-10.8,0.043,0.126,0.173,0.462,0.168
58,Brice Johnson,LAC,23,82.00,230,North Carolina,USA,2016,1,25,3,1.3,1,0.3,44.9,0.143,0.222,0.385,0.286,0.167
59,Brook Lopez,BKN,29,84.00,268,Stanford,USA,2008,1,10,75,20.5,5.4,2.3,-4.2,0.058,0.13,0.29,0.578,0.143
60,Bruno Caboclo,TOR,21,81.00,205,None,Brazil,2014,1,20,9,1.6,1.1,0.4,6.2,0.109,0.139,0.192,0.438,0.154
61,Bryn Forbes,SAS,23,75.00,190,Michigan State,USA,Undrafted,Undrafted,Undrafted,36,2.6,0.6,0.6,-8.7,0.007,0.082,0.181,0.462,0.146
62,Buddy Hield,SAC,23,76.00,214,Oklahoma,Bahamas,2016,1,6,82,10.6,3.3,1.5,-5.5,0.02,0.134,0.214,0.541,0.101
63,C.J. Watson,ORL,33,74.00,175,Tennessee,USA,Undrafted,Undrafted,Undrafted,62,4.5,1.4,1.8,-9.9,0.017,0.084,0.142,0.507,0.174
64,CJ McCollum,POR,25,75.00,190,Lehigh,USA,2013,1,10,80,23,3.6,3.6,1.2,0.024,0.09,0.274,0.585,0.175
65,CJ Miles,IND,30,78.00,225,None,USA,2005,2,34,76,10.7,3,0.6,0.8,0.019,0.129,0.183,0.592,0.041
66,CJ Wilcox,ORL,26,77.00,195,Washington,USA,2014,1,28,22,1,0.5,0.5,-13.1,0.033,0.087,0.149,0.329,0.174
67,Cameron Payne,CHI,22,75.00,185,Murray State,USA,2015,1,14,31,5.2,1.5,1.8,-8.7,0.007,0.111,0.215,0.407,0.195
68,Caris LeVert,BKN,22,79.00,203,Michigan,USA,2016,1,20,57,8.2,3.3,1.9,-2.7,0.02,0.141,0.164,0.556,0.132
69,Carmelo Anthony,NYK,33,80.00,240,Syracuse,USA,2003,1,3,74,22.4,5.9,2.9,-5,0.026,0.16,0.29,0.535,0.141
70,Chandler Parsons,MEM,28,82.00,230,Florida,USA,2011,2,38,34,6.2,2.5,1.6,-3.6,0.01,0.141,0.184,0.436,0.122
71,Channing Frye,CLE,34,83.00,255,Arizona,USA,2005,1,8,74,9.1,3.9,0.6,1,0.031,0.19,0.196,0.612,0.05
72,Chasson Randle,NYK,24,74.00,185,Stanford,USA,Undrafted,Undrafted,Undrafted,26,5.3,1.2,1.3,-3.4,0.022,0.097,0.197,0.586,0.173
73,Cheick Diallo,NOP,20,81.00,220,Kansas,Mali,2016,2,33,17,5.1,4.3,0.2,-9.4,0.115,0.286,0.203,0.51,0.031
74,Chinanu Onuaku,HOU,20,82.00,245,Louisville,USA,2016,2,37,5,2.8,2,0.6,-41.4,0.049,0.17,0.108,0.799,0.086
75,Chris Andersen,CLE,38,82.00,245,Blinn,USA,Undrafted,Undrafted,Undrafted,12,2.3,2.6,0.4,4.3,0.098,0.191,0.136,0.497,0.063
76,Chris McCullough,WAS,22,81.00,215,Syracuse,USA,2015,1,29,16,2.3,1.2,0.1,26.8,0.129,0.123,0.198,0.526,0.036
77,Chris Paul,LAC,32,72.00,175,Wake Forest,USA,2005,1,4,61,18.1,5,9.2,14.9,0.025,0.149,0.243,0.614,0.444
78,Christian Wood,CHA,21,83.00,220,Nevada-Las Vegas,USA,Undrafted,Undrafted,Undrafted,13,2.7,2.2,0.2,5.5,0.149,0.143,0.153,0.591,0.031
79,Clint Capela,HOU,23,82.00,240,None,Switzerland,2014,1,25,65,12.6,8.1,1,7.8,0.127,0.25,0.201,0.638,0.066
80,Cody Zeller,CHA,24,84.00,240,Indiana,USA,2013,1,4,62,10.3,6.5,1.6,5.4,0.085,0.176,0.154,0.604,0.087
81,Cole Aldrich,MIN,28,83.00,250,Kansas,USA,2010,1,11,62,1.7,2.5,0.4,-0.2,0.11,0.248,0.094,0.549,0.063
82,Corey Brewer,LAL,31,81.00,186,Florida,USA,2007,1,7,82,4.5,2,1.2,3,0.027,0.118,0.145,0.491,0.104
83,Cory Joseph,TOR,25,75.00,190,Texas,Canada,2011,1,29,80,9.3,2.9,3.3,2,0.029,0.104,0.183,0.518,0.2
84,Courtney Lee,NYK,31,77.00,200,Western Kentucky,USA,2008,1,22,77,10.8,3.4,2.3,-4.9,0.023,0.092,0.145,0.559,0.104
85,Cristiano Felicio,CHI,24,81.00,266,None,Brazil,Undrafted,Undrafted,Undrafted,66,4.8,4.7,0.6,-0.1,0.131,0.199,0.126,0.603,0.061
86,D'Angelo Russell,LAL,21,77.00,195,Ohio State,USA,2015,1,2,63,15.6,3.5,4.8,-8.7,0.018,0.12,0.267,0.518,0.269
87,D.J. Augustin,ORL,29,72.00,183,Texas,USA,2008,1,9,78,7.9,1.5,2.7,-15.1,0.01,0.077,0.199,0.524,0.237
88,Dahntay Jones,CLE,36,78.00,225,Duke,USA,2003,1,20,1,9,2,1,4.3,0.077,0.091,0.414,0.461,0.2
89,Damian Jones,GSW,22,84.00,245,Vanderbilt,USA,2016,1,30,10,1.9,2.3,0,-14.9,0.113,0.222,0.138,0.466,0
90,Damian Lillard,POR,26,75.00,195,Weber State,USA,2012,1,6,75,27,4.9,5.9,1.2,0.018,0.134,0.309,0.586,0.277
91,Damjan Rudez,ORL,31,82.00,228,None,Croatia,Undrafted,Undrafted,Undrafted,45,1.8,0.6,0.4,-17.3,0.017,0.079,0.138,0.466,0.101
92,Daniel Ochefu,WAS,23,83.00,245,Villanova,USA,Undrafted,Undrafted,Undrafted,19,1.3,1.2,0.2,-20.5,0.077,0.288,0.19,0.43,0.07
93,Danilo Gallinari,DEN,28,82.00,225,None,Italy,2008,1,6,63,18.2,5.2,2.1,2.7,0.021,0.144,0.2,0.622,0.09
94,Danny Green,SAS,30,78.00,215,North Carolina,USA,2009,2,46,68,7.3,3.3,1.8,7.8,0.02,0.116,0.137,0.537,0.097
95,Dante Cunningham,NOP,30,80.00,230,Villanova,USA,2009,2,33,66,6.6,4.2,0.6,-0.3,0.036,0.144,0.108,0.586,0.031
96,Dante Exum,UTA,21,78.00,190,None,Australia,2014,1,5,66,6.2,2,1.7,2,0.029,0.091,0.181,0.521,0.144
97,Danuel House,WAS,24,79.00,215,Texas A&M,USA,Undrafted,Undrafted,Undrafted,1,0,1,0,0,0,1,0,0,0
98,Dario Saric,PHI,23,82.00,223,None,Croatia,2014,1,12,81,12.8,6.3,2.2,-7.2,0.059,0.207,0.244,0.508,0.145
99,Darrell Arthur,DEN,29,81.00,235,Kansas,USA,2008,1,27,41,6.4,2.7,1,-0.4,0.043,0.155,0.18,0.583,0.099
100,Darren Collison,SAC,29,72.00,175,UCLA,USA,2009,1,21,68,13.2,2.2,4.6,-4.2,0.013,0.074,0.2,0.57,0.243
101,Darrun Hilliard,DET,24,78.00,205,Villanova,USA,2015,2,38,39,3.3,0.8,0.8,-0.1,0.006,0.092,0.196,0.459,0.133
102,David Lee,SAS,34,81.00,245,Florida,USA,2005,1,30,79,7.3,5.6,1.6,11,0.118,0.211,0.166,0.613,0.126
103,David Nwaba,LAL,24,76.00,209,None,USA,Undrafted,Undrafted,Undrafted,20,6,3.2,0.7,2.2,0.049,0.131,0.12,0.611,0.048
104,David West,GSW,36,81.00,250,Xavier,USA,2003,1,18,68,4.6,3,2.2,9.1,0.069,0.192,0.194,0.571,0.26
105,Davis Bertans,SAS,24,82.00,210,None,Latvia,2011,2,42,67,4.5,1.5,0.7,6.3,0.031,0.105,0.155,0.609,0.084
106,DeAndre Jordan,LAC,28,83.00,265,Texas A&M,USA,2008,2,35,81,12.7,13.8,1.2,9.7,0.136,0.343,0.153,0.673,0.054
107,DeAndre Liggins,DAL,29,78.00,209,Kentucky,USA,2011,2,53,62,2.5,1.7,0.9,2.8,0.029,0.124,0.116,0.476,0.097
108,DeAndre' Bembry,ATL,22,78.00,210,Saint Joseph's,USA,2016,1,21,38,2.7,1.6,0.7,-3.4,0.042,0.138,0.15,0.481,0.123
109,DeMar DeRozan,TOR,27,79.00,220,Southern California,USA,2009,1,9,74,27.3,5.2,3.9,3.3,0.03,0.134,0.342,0.552,0.204
110,DeMarcus Cousins,NOP,26,83.00,270,Kentucky,USA,2010,1,5,72,27,11,4.6,-2.2,0.072,0.305,0.364,0.562,0.262
111,DeMarre Carroll,TOR,30,80.00,212,Missouri,USA,2009,1,27,72,8.9,3.8,1,3.3,0.038,0.126,0.156,0.53,0.056
112,Dejounte Murray,SAS,20,77.00,170,Washington,USA,2016,1,29,38,3.4,1.1,1.3,2.9,0.023,0.117,0.241,0.503,0.236
113,Delon Wright,TOR,25,77.00,190,Utah,USA,2015,1,20,27,5.6,1.8,2.1,8.8,0.042,0.084,0.167,0.535,0.204
114,Demetrius Jackson,BOS,22,73.00,201,Notre Dame,USA,2016,2,45,5,2,0.8,0.6,6.3,0.091,0.118,0.172,0.753,0.3
115,Dennis Schroder,ATL,23,73.00,172,None,Germany,2013,1,17,79,17.9,3.1,6.3,-2,0.019,0.088,0.276,0.533,0.34
116,Denzel Valentine,CHI,23,78.00,212,Michigan State,USA,2016,1,14,57,5.1,2.6,1.1,-0.5,0.012,0.161,0.156,0.492,0.095
117,Deron Williams,CLE,33,75.00,200,Illinois,USA,2005,1,3,64,11,2.3,5.6,-2.8,0.009,0.096,0.224,0.541,0.35
118,Derrick Favors,UTA,25,82.00,265,Georgia Tech,USA,2010,1,3,50,9.5,6.1,1.1,2.8,0.092,0.205,0.208,0.512,0.079
119,Derrick Jones Jr.,PHX,20,79.00,190,Nevada-Las Vegas,USA,Undrafted,Undrafted,Undrafted,32,5.3,2.5,0.4,4.4,0.076,0.078,0.117,0.604,0.03
120,Derrick Rose,NYK,28,75.00,190,Memphis,USA,2008,1,1,64,18,3.8,4.4,-3.9,0.034,0.092,0.256,0.53,0.216
121,Derrick Williams,CLE,26,80.00,240,Arizona,USA,2011,1,2,50,6.1,2.6,0.6,-3.2,0.026,0.15,0.177,0.537,0.054
122,Devin Booker,PHX,20,78.00,206,Kentucky,USA,2015,1,13,78,22.1,3.2,3.4,-4.4,0.018,0.082,0.284,0.531,0.16
123,Devin Harris,DAL,34,75.00,185,Wisconsin,USA,2004,1,5,65,6.7,2,2.1,2.1,0.011,0.126,0.194,0.549,0.197
124,Dewayne Dedmon,SAS,27,84.00,245,Southern California,USA,Undrafted,Undrafted,Undrafted,76,5.1,6.5,0.6,8.4,0.114,0.302,0.122,0.645,0.049
125,Deyonta Davis,MEM,20,82.00,240,Michigan State,USA,2016,2,31,36,1.6,1.7,0.1,-7.2,0.088,0.185,0.119,0.528,0.015
126,Diamond Stone,LAC,20,83.00,255,Maryland,USA,2016,2,40,7,1.4,0.9,0,-58.7,0.037,0.2,0.324,0.339,0
127,Dion Waiters,MIA,25,76.00,220,Syracuse,USA,2012,1,4,46,15.8,3.3,4.3,2.8,0.015,0.107,0.264,0.507,0.234
128,Dirk Nowitzki,DAL,39,84.00,245,None,Germany,1998,1,9,54,14.2,6.5,1.5,-1.7,0.018,0.267,0.255,0.529,0.099
129,Domantas Sabonis,OKC,21,83.00,240,Gonzaga,Lithuania,2016,1,11,81,5.9,3.6,1,0.2,0.032,0.164,0.158,0.469,0.073
130,Donatas Motiejunas,NOP,26,84.00,222,None,Lithuania,2011,1,20,34,4.4,3,0.9,-11.1,0.057,0.18,0.174,0.47,0.096
131,Dorian Finney-Smith,DAL,24,80.00,220,Florida,USA,Undrafted,Undrafted,Undrafted,81,4.3,2.7,0.8,-1.4,0.037,0.124,0.117,0.486,0.061
132,Doug McDermott,OKC,25,80.00,219,Creighton,USA,2014,1,11,66,9,2.7,0.9,-3.1,0.015,0.117,0.165,0.554,0.06
133,Dragan Bender,PHX,19,85.00,225,None,Bosnia,2016,1,4,43,3.4,2.4,0.5,-2,0.043,0.155,0.148,0.44,0.057
134,Draymond Green,GSW,27,79.00,230,Michigan State,USA,2012,2,35,76,10.2,7.9,7,15.9,0.046,0.205,0.16,0.522,0.272
135,Dwight Howard,ATL,31,83.00,265,None,USA,2004,1,1,74,13.5,12.7,1.4,-2,0.153,0.31,0.191,0.627,0.076
136,Dwight Powell,DAL,25,83.00,240,Stanford,Canada,2014,2,45,77,6.7,4,0.6,-6.4,0.077,0.202,0.166,0.588,0.062
137,Dwyane Wade,CHI,35,76.00,220,Marquette,USA,2003,1,5,60,18.3,4.5,3.8,-2.4,0.037,0.125,0.293,0.508,0.221
138,E'Twaun Moore,NOP,28,76.00,191,Purdue,USA,2011,2,55,73,9.6,2.1,2.2,-2.4,0.019,0.07,0.174,0.537,0.138
139,Ed Davis,POR,28,82.00,245,North Carolina,USA,2010,1,13,46,4.3,5.3,0.6,-5.9,0.128,0.213,0.119,0.563,0.05
140,Edy Tavares,CLE,25,87.00,265,None,Cabo Verde,2014,2,43,2,4,5.5,0.5,15.2,0.16,0.241,0.137,0.633,0.071
141,Elfrid Payton,ORL,23,76.00,185,Louisiana-Lafayette,USA,2014,1,10,82,12.8,4.7,6.5,-2.7,0.039,0.136,0.213,0.52,0.329
142,Elijah Millsap,PHX,29,79.00,215,Alabama-Birmingham,USA,Undrafted,Undrafted,Undrafted,2,1.5,3,0.5,-1.8,0.125,0.15,0.199,0.19,0.067
143,Emmanuel Mudiay,DEN,21,77.00,200,None,Democratic Re...,2015,1,7,55,11,3.2,3.9,-5.5,0.023,0.116,0.224,0.483,0.222
144,Enes Kanter,OKC,25,83.00,245,Kentucky,Switzerland,2011,1,3,72,14.3,6.7,0.9,-0.1,0.147,0.21,0.275,0.599,0.078
145,Eric Bledsoe,PHX,27,73.00,205,Kentucky,USA,2010,1,18,66,21.1,4.8,6.3,-4.1,0.025,0.139,0.28,0.563,0.309
146,Eric Gordon,HOU,28,76.00,215,Indiana,USA,2008,1,7,75,16.2,2.7,2.5,6.2,0.014,0.078,0.22,0.557,0.125
147,Ersan Ilyasova,ATL,30,82.00,235,None,Turkey,2005,2,36,82,13.1,5.9,1.7,-0.9,0.059,0.184,0.22,0.546,0.107
148,Evan Fournier,ORL,24,79.00,205,None,France,2012,1,20,68,17.2,3.1,3,-4.9,0.021,0.081,0.233,0.555,0.144
149,Evan Turner,POR,28,79.00,220,Ohio State,USA,2010,1,2,65,9,3.8,3.2,-4.5,0.024,0.144,0.186,0.491,0.196
150,Frank Kaminsky,CHA,24,84.00,240,Wisconsin,USA,2015,1,9,75,11.7,4.5,2.2,0.9,0.033,0.158,0.22,0.502,0.131
151,Fred VanVleet,TOR,23,72.00,195,Wichita State,USA,Undrafted,Undrafted,Undrafted,37,2.9,1.1,0.9,12.1,0.015,0.13,0.205,0.443,0.18
152,Garrett Temple,SAC,31,78.00,195,Louisiana State,USA,Undrafted,Undrafted,Undrafted,65,7.8,2.8,2.6,-5.1,0.022,0.101,0.142,0.545,0.146
153,Gary Harris,DEN,22,76.00,210,Michigan State,USA,2014,1,19,57,14.9,3.1,2.9,1,0.031,0.083,0.185,0.611,0.129
154,Gary Neal,ATL,32,76.00,210,Towson,USA,Undrafted,Undrafted,Undrafted,2,2,0.5,0.5,-18,0,0.077,0.201,0.228,0.125
155,Gary Payton II,MIL,24,75.00,190,Oregon State,USA,Undrafted,Undrafted,Undrafted,6,3.3,2,2.2,-26.5,0,0.148,0.162,0.413,0.224
156,George Hill,UTA,31,75.00,188,Indiana Purdue-Indianapolis,USA,2008,1,26,49,16.9,3.4,4.2,8.6,0.017,0.105,0.236,0.599,0.227
157,Georges Niang,IND,24,80.00,230,Iowa State,USA,2016,2,50,23,0.9,0.7,0.2,-5.3,0.021,0.169,0.189,0.285,0.074
158,Georgios Papagiannis,SAC,19,85.00,240,None,Greece,2016,1,13,22,5.6,3.9,0.9,-6.2,0.09,0.183,0.169,0.573,0.085
159,Gerald Green,BOS,31,79.00,205,None,USA,2005,1,18,47,5.6,1.8,0.7,1.3,0.032,0.14,0.229,0.524,0.1
160,Gerald Henderson,PHI,29,77.00,215,Duke,USA,2009,1,12,72,9.2,2.6,1.6,-8.4,0.022,0.104,0.179,0.529,0.108
161,Giannis Antetokounmpo,MIL,22,83.00,222,None,Greece,2013,1,15,80,22.9,8.8,5.4,1.5,0.058,0.226,0.283,0.599,0.269
162,Glenn Robinson III,IND,23,78.00,222,Michigan,USA,2014,2,40,69,6.1,3.6,0.7,-1.9,0.046,0.144,0.129,0.564,0.048
163,Goran Dragic,MIA,31,75.00,190,None,Slovenia,2008,2,45,73,20.3,3.8,5.8,0.6,0.028,0.098,0.268,0.575,0.283
164,Gordon Hayward,UTA,27,80.00,226,Butler,USA,2010,1,9,73,21.9,5.4,3.5,7.1,0.023,0.152,0.276,0.595,0.179
165,Gorgui Dieng,MIN,27,83.00,240,Louisville,Senegal,2013,1,21,82,10,7.9,1.9,0.2,0.082,0.202,0.141,0.555,0.086
166,Greg Monroe,MIL,27,83.00,265,Georgetown,USA,2010,1,7,81,11.7,6.6,2.3,3.7,0.112,0.237,0.242,0.572,0.165
167,Greivis Vasquez,BKN,30,78.00,217,Maryland,Venezuela,2010,1,28,3,2.3,0.7,1.7,-18.7,0,0.051,0.11,0.376,0.185
168,Harrison Barnes,DAL,25,80.00,225,North Carolina,USA,2012,1,7,79,19.2,5,1.5,-2.1,0.037,0.132,0.255,0.541,0.076
169,Hassan Whiteside,MIA,28,84.00,265,Marshall,USA,2010,2,33,77,17,14.1,0.7,1.3,0.129,0.349,0.226,0.579,0.037
170,Henry Ellenson,DET,20,83.00,245,Marquette,USA,2016,1,18,19,3.2,2.2,0.4,-2,0.056,0.234,0.248,0.444,0.074
171,Hollis Thompson,NOP,26,80.00,206,Georgetown,USA,Undrafted,Undrafted,Undrafted,40,5.1,2.8,0.9,-6,0.028,0.128,0.133,0.482,0.072
172,Ian Clark,GSW,26,75.00,175,Belmont,USA,Undrafted,Undrafted,Undrafted,77,6.8,1.6,1.2,3.1,0.023,0.09,0.198,0.575,0.122
173,Ian Mahinmi,WAS,30,83.00,262,None,France,2005,1,28,31,5.6,4.8,0.6,0.3,0.098,0.204,0.14,0.601,0.05
174,Iman Shumpert,CLE,27,77.00,220,Georgia Tech,USA,2011,1,17,76,7.5,2.9,1.4,1.9,0.023,0.098,0.142,0.536,0.08
175,Isaiah Canaan,CHI,26,72.00,201,Murray State,USA,2013,2,34,39,4.6,1.3,0.9,-6.8,0.01,0.082,0.156,0.483,0.099
176,Isaiah Taylor,HOU,22,75.00,170,Texas,USA,Undrafted,Undrafted,Undrafted,4,0.8,0.8,0.8,-14.6,0.021,0.041,0.065,0.19,0.07
177,Isaiah Thomas,BOS,28,69.00,185,Washington,USA,2011,2,60,76,28.9,2.7,5.9,5,0.019,0.07,0.337,0.625,0.305
178,Isaiah Whitehead,BKN,22,76.00,213,Seton Hall,USA,2016,2,42,73,7.4,2.5,2.6,-2.9,0.021,0.093,0.183,0.487,0.173
179,Ish Smith,DET,28,72.00,175,Wake Forest,USA,Undrafted,Undrafted,Undrafted,81,9.4,2.9,5.2,0.6,0.011,0.121,0.204,0.477,0.319
180,Ivica Zubac,LAL,20,85.00,240,None,Bosnia,2016,2,32,38,7.5,4.2,0.8,-9.3,0.072,0.21,0.204,0.547,0.078
181,J.J. Barea,DAL,33,72.00,185,Northeastern,Puerto Rico,Undrafted,Undrafted,Undrafted,35,10.9,2.4,5.5,1.8,0.013,0.117,0.261,0.521,0.421
182,JJ Redick,LAC,33,76.00,190,Duke,USA,2006,1,11,78,15,2.2,1.4,9.7,0.006,0.078,0.217,0.599,0.074
183,JR Smith,CLE,31,78.00,225,None,USA,2004,1,18,41,8.6,2.8,1.5,3.3,0.016,0.086,0.145,0.484,0.071
184,JaMychal Green,MEM,27,81.00,227,Alabama,USA,Undrafted,Undrafted,Undrafted,77,8.9,7.1,1.1,0.4,0.091,0.212,0.147,0.601,0.064
185,JaVale McGee,GSW,29,84.00,270,Nevada,USA,2008,1,18,77,6.1,3.2,0.2,18.7,0.156,0.187,0.226,0.642,0.032
186,Jabari Parker,MIL,22,80.00,250,Duke,USA,2014,1,2,51,20.1,6.2,2.8,-2.5,0.053,0.151,0.26,0.563,0.137
187,Jae Crowder,BOS,26,78.00,235,Marquette,USA,2012,2,34,72,13.9,5.8,2.2,7.8,0.024,0.171,0.17,0.613,0.097
188,Jahlil Okafor,PHI,21,83.00,275,Duke,USA,2015,1,3,50,11.8,4.8,1.2,-14.5,0.075,0.163,0.247,0.546,0.097
189,Jake Layman,POR,23,81.00,210,Maryland,USA,2016,2,47,35,2.2,0.7,0.3,-0.4,0.025,0.072,0.191,0.404,0.072
190,Jakob Poeltl,TOR,21,84.00,230,Utah,Austria,2016,1,9,54,3.1,3.1,0.2,0.3,0.137,0.169,0.121,0.589,0.03
191,Jamal Crawford,LAC,37,77.00,195,Michigan,USA,2000,1,8,82,12.3,1.6,2.6,-1.7,0.009,0.058,0.225,0.525,0.159
192,Jamal Murray,DEN,20,76.00,207,Kentucky,Canada,2016,1,7,82,9.9,2.6,2.1,1,0.026,0.104,0.216,0.518,0.142
193,Jameer Nelson,DEN,35,72.00,190,Saint Joseph's,USA,2004,1,20,75,9.2,2.6,5.1,1.1,0.015,0.089,0.157,0.544,0.258
194,James Ennis III,MEM,26,79.00,210,Long Beach State,USA,2013,2,50,64,6.7,4,1,0.7,0.051,0.143,0.129,0.581,0.067
195,James Harden,HOU,27,77.00,220,Arizona State,USA,2009,1,3,81,29.1,8.1,11.2,6.3,0.035,0.212,0.341,0.613,0.505
196,James Johnson,MIA,30,81.00,250,Wake Forest,USA,2009,1,16,76,12.8,4.9,3.6,2.6,0.035,0.163,0.219,0.564,0.21
197,James Jones,CLE,36,80.00,218,Miami (FL),USA,2003,2,49,48,2.8,0.8,0.3,-11.2,0.009,0.102,0.139,0.655,0.062
198,James Michael McAdoo,GSW,24,81.00,240,North Carolina,USA,Undrafted,Undrafted,Undrafted,52,2.8,1.8,0.3,-0.7,0.08,0.129,0.149,0.543,0.06
199,James Young,BOS,21,78.00,215,Kentucky,USA,2014,1,17,29,2.3,0.9,0.1,-5.8,0.028,0.104,0.132,0.549,0.03
200,Jared Dudley,PHX,31,79.00,225,Boston College,USA,2007,1,22,64,6.8,3.5,1.9,-1,0.024,0.156,0.138,0.579,0.126
201,Jared Sullinger,TOR,25,81.00,260,Ohio State,USA,2012,1,21,11,3.4,2.5,0.3,-15.8,0.079,0.185,0.204,0.366,0.048
202,Jarell Eddie,PHX,25,79.00,218,Virginia Tech,USA,Undrafted,Undrafted,Undrafted,5,4.8,1.4,0,-3.4,0.014,0.088,0.154,0.523,0
203,Jarell Martin,MEM,23,82.00,239,Louisiana State,USA,2015,1,25,42,3.9,3.9,0.2,-4.1,0.078,0.24,0.161,0.477,0.025
204,Jarnell Stokes,DEN,23,81.00,255,Tennessee,USA,2014,2,35,2,1.5,1,1,-3.1,0.111,0.143,0.111,0.798,0.4
205,Jarrett Jack,NOP,33,75.00,200,Georgia Tech,USA,2005,1,22,2,3,0,2.5,-14.3,0,0,0.09,0.773,0.263
206,Jarrod Uthoff,DAL,24,81.00,221,Iowa,USA,Undrafted,Undrafted,Undrafted,9,4.4,2.4,1,-26.8,0.066,0.149,0.174,0.487,0.141
207,Jason Smith,WAS,31,84.00,240,Colorado State,USA,2007,1,20,74,5.7,3.5,0.5,-0.7,0.071,0.203,0.169,0.598,0.052
208,Jason Terry,MIL,39,74.00,185,Arizona,USA,1999,1,10,74,4.1,1.4,1.3,4.7,0.013,0.077,0.098,0.6,0.1
209,Jaylen Brown,BOS,20,79.00,225,California,USA,2016,1,3,78,6.6,2.8,0.8,-2.2,0.038,0.146,0.183,0.539,0.077
210,Jeff Green,ORL,30,81.00,235,Georgetown,USA,2007,1,5,69,9.2,3.1,1.2,-9.1,0.027,0.125,0.204,0.505,0.089
211,Jeff Teague,IND,29,74.00,186,Wake Forest,USA,2009,1,19,82,15.3,4,7.8,1.2,0.014,0.123,0.221,0.574,0.359
212,Jeff Withey,UTA,27,84.00,231,Kansas,USA,2013,2,39,51,2.9,2.4,0.1,-0.2,0.135,0.18,0.145,0.588,0.025
213,Jerami Grant,OKC,23,81.00,210,Syracuse,USA,2014,2,39,80,5.5,2.6,0.6,-5.4,0.027,0.122,0.123,0.556,0.044
214,Jeremy Lamb,CHA,25,77.00,185,Connecticut,USA,2012,1,12,62,9.7,4.3,1.2,-1.1,0.029,0.224,0.235,0.55,0.113
215,Jeremy Lin,BKN,28,75.00,200,Harvard,USA,Undrafted,Undrafted,Undrafted,36,14.5,3.8,5.1,-2.9,0.013,0.146,0.259,0.566,0.338
216,Jerian Grant,CHI,24,76.00,198,Notre Dame,USA,2015,1,19,63,5.9,1.8,1.9,2.6,0.018,0.1,0.163,0.555,0.172
217,Jerryd Bayless,PHI,28,75.00,200,Arizona,USA,2008,1,11,3,11,4,4.3,-12.9,0.047,0.127,0.284,0.453,0.361
218,Jimmy Butler,CHI,27,79.00,231,Marquette,USA,2011,1,30,76,23.9,6.2,5.5,3,0.05,0.131,0.265,0.586,0.243
219,Joakim Noah,NYK,32,83.00,230,Florida,USA,2007,1,9,46,5,8.8,2.2,-6,0.162,0.256,0.125,0.491,0.138
220,Jodie Meeks,ORL,29,76.00,210,Kentucky,USA,2009,2,41,36,9.1,2.1,1.3,-5.4,0.007,0.114,0.196,0.567,0.089
221,Joe Harris,BKN,25,78.00,219,Virginia,USA,2014,2,33,52,8.2,2.8,1,-10.5,0.014,0.117,0.161,0.558,0.076
222,Joe Ingles,UTA,29,80.00,226,None,Australia,Undrafted,Undrafted,Undrafted,82,7.1,3.2,2.7,4.8,0.014,0.139,0.139,0.604,0.168
223,Joe Johnson,UTA,36,79.00,240,Arkansas,USA,2001,1,10,78,9.2,3.1,1.8,4.2,0.022,0.129,0.186,0.542,0.125
224,Joe Young,IND,25,74.00,180,Oregon,USA,2015,2,43,33,2.1,0.5,0.5,-26.1,0.007,0.133,0.26,0.433,0.203
225,Joel Anthony,SAS,34,81.00,245,Nevada-Las Vegas,Canada,Undrafted,Undrafted,Undrafted,19,1.3,1.6,0.2,-7.3,0.068,0.19,0.088,0.64,0.041
226,Joel Bolomboy,UTA,23,81.00,235,Weber State,Russia,2016,2,52,12,1.8,1.4,0.2,11.3,0.083,0.255,0.18,0.59,0.065
227,Joel Embiid,PHI,23,84.00,250,Kansas,Cameroon,2014,1,3,31,20.2,7.8,2.1,3.2,0.092,0.247,0.363,0.584,0.174
228,Joffrey Lauvergne,CHI,25,83.00,220,None,France,2013,2,55,70,5.4,3.6,1,-5.6,0.082,0.205,0.188,0.509,0.11
229,John Henson,MIL,26,83.00,229,North Carolina,USA,2012,1,14,58,6.8,5.1,1,-1.8,0.093,0.202,0.164,0.55,0.076
230,John Jenkins,PHX,26,76.00,215,Vanderbilt,USA,2012,1,23,4,1.8,0.3,0.3,21.6,0,0.111,0.182,0.595,0.083
231,John Lucas III,MIN,34,71.00,166,Oklahoma State,USA,Undrafted,Undrafted,Undrafted,5,0.4,0,0.2,46.9,0,0,0.166,0.25,0.2
232,John Wall,WAS,26,76.00,210,Kentucky,USA,2010,1,1,78,23.1,4.2,10.7,3.9,0.023,0.105,0.302,0.541,0.45
233,Johnny O'Bryant III,CHA,24,81.00,257,Louisiana State,USA,2014,2,36,11,3.5,1.7,0.5,-15.2,0.13,0.161,0.211,0.582,0.125
234,Jon Leuer,DET,28,82.00,228,Wisconsin,USA,2011,2,40,75,10.2,5.4,1.5,-2.3,0.055,0.174,0.173,0.551,0.088
235,Jonas Jerebko,BOS,30,82.00,231,None,Sweden,2009,2,39,78,3.8,3.5,0.9,3.2,0.055,0.192,0.115,0.537,0.081
236,Jonas Valanciunas,TOR,25,84.00,255,None,Lithuania,2011,1,5,80,12,9.5,0.7,2.5,0.124,0.297,0.195,0.601,0.043
237,Jonathan Gibson,DAL,29,74.00,185,New Mexico State,USA,Undrafted,Undrafted,Undrafted,17,6.2,1.3,1.5,-19.6,0.005,0.121,0.253,0.492,0.215
238,Jonathon Simmons,SAS,27,78.00,195,Houston,USA,Undrafted,Undrafted,Undrafted,78,6.2,2.1,1.6,8.8,0.017,0.111,0.179,0.504,0.137
239,Jordan Clarkson,LAL,25,77.00,194,Missouri,USA,2014,2,46,82,14.7,3,2.6,-8.9,0.022,0.093,0.232,0.526,0.143
240,Jordan Crawford,NOP,28,77.00,195,Xavier,USA,2010,1,27,19,14.1,1.8,3,0.2,0.01,0.077,0.259,0.582,0.192
241,Jordan Farmar,SAC,30,74.00,180,UCLA,USA,2006,1,26,2,6,1.5,4.5,-6.4,0.038,0.061,0.191,0.5,0.346
242,Jordan Hill,MIN,29,82.00,240,Arizona,USA,2009,1,8,7,1.7,2,0,13.9,0.205,0.133,0.18,0.432,0
243,Jordan McRae,CLE,26,77.00,179,Tennessee,USA,2014,2,58,37,4.4,1.1,0.5,-7.5,0.018,0.099,0.216,0.488,0.083
244,Jordan Mickey,BOS,22,80.00,235,Louisiana State,USA,2015,2,33,25,1.5,1.4,0.3,-17.1,0.099,0.202,0.157,0.473,0.084
245,Jose Calderon,ATL,35,75.00,200,None,Spain,Undrafted,Undrafted,Undrafted,41,3.4,1.8,2.1,-9.7,0.028,0.126,0.144,0.506,0.251
246,Josh Huestis,OKC,25,79.00,230,Stanford,USA,2014,1,29,2,7,4.5,1.5,6.4,0.133,0.172,0.146,0.612,0.115
247,Josh McRoberts,MIA,30,82.00,240,Duke,USA,2007,2,37,22,4.9,3.4,2.3,-9.3,0.065,0.154,0.175,0.439,0.2
248,Josh Richardson,MIA,23,78.00,200,Tennessee,USA,2015,2,40,53,10.2,3.2,2.6,1.2,0.023,0.095,0.168,0.493,0.128
249,Jrue Holiday,NOP,27,76.00,205,UCLA,USA,2009,1,17,67,15.4,3.9,7.3,0.9,0.022,0.103,0.235,0.532,0.355
250,Juan Hernangomez,DEN,21,81.00,230,None,Spain,2016,1,15,62,4.9,3,0.5,-3.6,0.055,0.189,0.144,0.592,0.048
251,Julius Randle,LAL,22,81.00,250,Kentucky,USA,2014,1,7,74,13.2,8.6,3.6,-10.2,0.074,0.254,0.215,0.543,0.195
252,Justin Anderson,PHI,23,78.00,228,Virginia,USA,2015,1,21,75,7.1,3.3,0.9,-6.6,0.06,0.173,0.206,0.537,0.089
253,Justin Hamilton,BKN,27,84.00,255,Louisiana State,USA,2012,2,45,64,6.9,4.1,0.9,-11.3,0.062,0.172,0.162,0.55,0.074
254,Justin Harper,PHI,27,82.00,225,Richmond,USA,2011,2,32,3,4,1.7,0.7,-18,0.069,0.103,0.214,0.5,0.1
255,Justin Holiday,NYK,28,78.00,185,Washington,USA,Undrafted,Undrafted,Undrafted,82,7.7,2.7,1.2,-1.7,0.018,0.13,0.169,0.549,0.095
256,Justise Winslow,MIA,21,79.00,225,Duke,USA,2015,1,10,18,10.9,5.2,3.7,-0.4,0.04,0.122,0.2,0.399,0.153
257,Jusuf Nurkic,POR,22,84.00,280,None,Bosnia & Herz...,2014,1,16,65,10.2,7.2,1.9,-2.1,0.124,0.236,0.235,0.528,0.142
258,KJ McDaniels,BKN,24,78.00,205,Clemson,USA,2014,2,32,49,4.2,1.7,0.3,-3.1,0.033,0.143,0.185,0.555,0.04
259,Karl-Anthony Towns,MIN,21,84.00,244,Kentucky,USA,2015,1,1,82,25.1,12.3,2.7,-0.9,0.114,0.277,0.274,0.618,0.127
260,Kawhi Leonard,SAS,26,79.00,230,San Diego State,USA,2011,1,15,74,25.5,5.8,3.5,8.6,0.038,0.16,0.312,0.61,0.182
261,Kay Felder,CLE,22,69.00,176,None,USA,2016,2,54,42,4,1,1.4,-5.5,0.009,0.103,0.251,0.462,0.261
262,Kelly Olynyk,BOS,26,84.00,238,Gonzaga,Canada,2013,1,13,75,9,4.8,2,-0.4,0.053,0.207,0.188,0.603,0.159
263,Kelly Oubre Jr.,WAS,21,79.00,205,Kansas,USA,2015,1,15,79,6.3,3.3,0.6,0.4,0.044,0.138,0.147,0.516,0.042
264,Kemba Walker,CHA,27,73.00,184,Connecticut,USA,2011,1,9,79,23.2,3.9,5.5,3.6,0.018,0.107,0.291,0.569,0.282
265,Kenneth Faried,DEN,27,80.00,228,Morehead State,USA,2011,1,22,61,9.6,7.6,0.9,-3.1,0.157,0.243,0.181,0.588,0.064
266,Kent Bazemore,ATL,27,77.00,201,Old Dominion,USA,Undrafted,Undrafted,Undrafted,73,11,3.2,2.4,-2.3,0.026,0.1,0.204,0.504,0.14
267,Kentavious Caldwell-Pope,DET,24,77.00,205,Georgia,USA,2013,1,8,76,13.8,3.3,2.5,-4,0.022,0.087,0.191,0.519,0.111
268,Kevin Durant,GSW,28,81.00,240,Texas,USA,2007,1,2,62,25.1,8.3,4.8,16,0.023,0.232,0.276,0.651,0.218
269,Kevin Love,CLE,28,82.00,251,UCLA,USA,2008,1,5,60,19,11.1,1.9,7.2,0.087,0.295,0.255,0.573,0.093
270,Kevin Seraphin,IND,27,82.00,278,Le Moyne,France,2010,1,17,49,4.7,2.9,0.5,-9.9,0.079,0.202,0.189,0.559,0.069
271,Kevon Looney,GSW,21,81.00,220,UCLA,USA,2015,1,30,53,2.5,2.3,0.5,0.2,0.107,0.189,0.133,0.553,0.094
272,Khris Middleton,MIL,25,80.00,234,Texas A&M,USA,2012,2,39,29,14.7,4.2,3.4,5.7,0.015,0.153,0.232,0.57,0.175
273,Klay Thompson,GSW,27,79.00,215,Washington State,USA,2011,1,11,78,22.3,3.7,2.1,14.7,0.022,0.091,0.262,0.592,0.09
274,Kosta Koufos,SAC,28,84.00,265,Ohio State,USA,2008,1,23,71,6.6,5.7,0.7,-5.7,0.095,0.223,0.154,0.56,0.053
275,Kris Dunn,MIN,23,76.00,205,Providence,USA,2016,1,5,78,3.8,2.1,2.4,-2.8,0.021,0.131,0.142,0.432,0.2
276,Kris Humphries,ATL,32,81.00,235,Minnesota,USA,2004,1,14,56,4.6,3.7,0.5,-4.4,0.095,0.245,0.18,0.514,0.07
277,Kristaps Porzingis,NYK,21,87.00,240,None,Latvia,2015,1,4,66,18.1,7.2,1.5,-3.1,0.056,0.177,0.244,0.546,0.073
278,Kyle Anderson,SAS,23,81.00,230,UCLA,USA,2014,1,30,72,3.4,2.9,1.3,10.5,0.038,0.187,0.122,0.525,0.126
279,Kyle Korver,CLE,36,79.00,212,Creighton,USA,2003,2,51,67,10.1,2.8,1.6,-4.9,0.005,0.114,0.151,0.635,0.093
280,Kyle Lowry,TOR,31,72.00,205,Villanova,USA,2006,1,24,60,22.4,4.8,7,8.2,0.024,0.121,0.249,0.623,0.293
281,Kyle O'Quinn,NYK,27,82.00,250,Norfolk State,USA,2012,2,49,79,6.3,5.6,1.5,-6.8,0.138,0.25,0.186,0.552,0.149
282,Kyle Singler,OKC,29,80.00,228,Duke,USA,2011,2,33,32,2.8,1.5,0.3,0.8,0.022,0.123,0.113,0.486,0.034
283,Kyle Wiltjer,HOU,24,82.00,240,Gonzaga,Canada,Undrafted,Undrafted,Undrafted,14,0.9,0.7,0.1,-35.9,0.095,0.154,0.187,0.437,0.069
284,Kyrie Irving,CLE,25,75.00,193,Duke,Australia,2011,1,1,72,25.2,3.2,5.8,5.1,0.023,0.075,0.302,0.58,0.278
285,LaMarcus Aldridge,SAS,31,83.00,260,Texas,USA,2006,1,2,72,17.3,7.3,1.9,6.1,0.084,0.171,0.249,0.532,0.1
286,Lamar Patterson,ATL,25,77.00,225,Pittsburgh,USA,2014,2,48,5,1.8,1.4,1.2,16.8,0.027,0.133,0.234,0.276,0.25
287,Lance Stephenson,IND,26,77.00,230,Cincinnati,USA,2010,2,40,18,6.8,2.9,3.3,1.6,0.012,0.149,0.185,0.485,0.254
288,Lance Thomas,NYK,29,80.00,235,Duke,USA,Undrafted,Undrafted,Undrafted,46,6,3.1,0.8,-9.7,0.035,0.123,0.132,0.516,0.053
289,Langston Galloway,SAC,25,74.00,200,Saint Joseph's,USA,Undrafted,Undrafted,Undrafted,74,7.9,2.1,1.3,-1.5,0.019,0.094,0.185,0.51,0.098
290,Larry Nance Jr.,LAL,24,81.00,230,Wyoming,USA,2015,1,27,63,7.1,5.9,1.5,-5,0.089,0.204,0.134,0.567,0.096
291,Larry Sanders,CLE,28,83.00,230,Virginia Commonwealth,USA,2010,1,15,5,0.8,0.8,0,-7.2,0.375,0.111,0.224,0.41,0
292,Lavoy Allen,IND,28,81.00,260,Temple,USA,2011,2,50,61,2.9,3.6,0.9,-6.3,0.133,0.154,0.106,0.485,0.093
293,LeBron James,CLE,32,80.00,250,None,USA,2003,1,1,74,26.4,8.6,8.7,7.7,0.04,0.209,0.297,0.619,0.388
294,Leandro Barbosa,PHX,34,75.00,194,None,Brazil,2003,1,28,67,6.3,1.6,1.2,-1.8,0.018,0.106,0.207,0.509,0.128
295,Lou Williams,HOU,30,73.00,175,None,USA,2005,2,45,81,17.5,2.5,3,-0.4,0.014,0.096,0.283,0.593,0.193
296,Luc Mbah a Moute,LAC,30,80.00,230,UCLA,Cameroon,2008,2,37,80,6.1,2.1,0.5,10.3,0.029,0.075,0.117,0.581,0.029
297,Lucas Nogueira,TOR,24,84.00,220,None,Brazil,2013,1,16,57,4.4,4.3,0.7,9.8,0.084,0.158,0.095,0.682,0.053
298,Luis Scola,BKN,37,81.00,241,None,Argentina,2002,2,55,36,5.1,3.9,1,-8,0.114,0.213,0.185,0.55,0.124
299,Luke Babbitt,MIA,28,81.00,225,Nevada,USA,2010,1,16,68,4.8,2.1,0.5,1.8,0.013,0.132,0.133,0.563,0.049
300,Luol Deng,LAL,32,81.00,220,Duke,South Sudan,2004,1,7,56,7.6,5.3,1.3,-6.4,0.044,0.172,0.143,0.47,0.073
301,Malachi Richardson,SAC,21,78.00,205,Syracuse,USA,2016,1,22,22,3.6,1,0.5,-4.2,0.018,0.106,0.196,0.517,0.092
302,Malcolm Brogdon,MIL,24,77.00,215,Virginia,USA,2016,2,36,75,10.2,2.8,4.2,2.7,0.028,0.097,0.186,0.555,0.239
303,Malcolm Delaney,ATL,28,75.00,190,Virginia Tech,USA,Undrafted,Undrafted,Undrafted,73,5.4,1.7,2.6,2.2,0.009,0.104,0.187,0.456,0.241
304,Malik Beasley,DEN,20,77.00,196,Florida State,USA,2016,1,19,22,3.8,0.8,0.5,15,0.036,0.072,0.222,0.536,0.098
305,Manny Harris,DAL,27,77.00,185,Michigan,USA,Undrafted,Undrafted,Undrafted,4,2,2.3,0.5,-51.1,0.091,0.353,0.294,0.239,0.143
306,Manu Ginobili,SAS,39,78.00,205,None,Argentina,1999,2,57,69,7.5,2.3,2.7,10.4,0.025,0.113,0.195,0.532,0.199
307,Marc Gasol,MEM,32,85.00,255,None,Spain,2007,2,48,74,19.5,6.3,4.6,1.4,0.027,0.19,0.267,0.554,0.246
308,Marcelo Huertas,LAL,34,75.00,200,None,Brazil,Undrafted,Undrafted,Undrafted,23,2.7,1,2.3,-12.3,0.009,0.116,0.171,0.417,0.311
309,Marcin Gortat,WAS,33,83.00,240,None,Poland,2005,2,57,82,10.8,10.4,1.5,2.8,0.104,0.269,0.147,0.593,0.065
310,Marco Belinelli,CHA,31,77.00,210,None,Italy,2007,1,18,74,10.5,2.4,2,-0.1,0.009,0.104,0.193,0.566,0.131
311,Marcus Georges-Hunt,ORL,23,78.00,220,Georgia Tech,USA,Undrafted,Undrafted,Undrafted,5,2.8,1.8,0.6,-25,0.022,0.163,0.124,0.614,0.13
312,Marcus Morris,DET,27,81.00,235,Kansas,USA,2011,1,14,79,14,4.6,2,-2.8,0.031,0.127,0.202,0.508,0.095
313,Marcus Smart,BOS,23,76.00,220,Oklahoma State,USA,2014,1,6,79,10.6,3.9,4.6,2.5,0.036,0.107,0.185,0.486,0.226
314,Marcus Thornton,WAS,30,76.00,205,Louisiana State,USA,2009,2,43,33,6.6,2.3,1.2,-12.7,0.043,0.12,0.188,0.494,0.108
315,Mario Hezonja,ORL,22,80.00,218,None,Croatia,2015,1,5,65,4.9,2.2,1,-15.1,0.021,0.151,0.191,0.45,0.11
316,Markieff Morris,WAS,27,82.00,245,Kansas,USA,2011,1,13,76,14,6.5,1.7,3.9,0.051,0.18,0.204,0.54,0.076
317,Marquese Chriss,PHX,19,82.00,233,Washington,USA,2016,1,8,82,9.2,4.2,0.7,-10.8,0.058,0.164,0.196,0.529,0.051
318,Marreese Speights,LAC,29,82.00,255,Florida,USA,2008,1,16,82,8.7,4.5,0.8,-2.4,0.077,0.245,0.239,0.584,0.085
319,Marshall Plumlee,NYK,24,84.00,250,Duke,USA,Undrafted,Undrafted,Undrafted,21,1.9,2.4,0.5,-1.9,0.144,0.193,0.125,0.521,0.082
320,Marvin Williams,CHA,31,81.00,237,North Carolina,USA,2005,1,2,76,11.2,6.6,1.4,-0.5,0.042,0.202,0.163,0.551,0.072
321,Mason Plumlee,DEN,27,83.00,255,Duke,USA,2013,1,22,81,10.4,7.5,3.5,0,0.09,0.222,0.181,0.558,0.187
322,Matt Barnes,GSW,37,79.00,226,UCLA,USA,2002,2,45,74,7.1,5.2,2.6,-2.5,0.045,0.2,0.156,0.514,0.162
323,Matthew Dellavedova,MIL,26,76.00,198,Saint Mary's (CA),Australia,Undrafted,Undrafted,Undrafted,76,7.6,1.9,4.7,-1.1,0.014,0.072,0.161,0.501,0.259
324,Maurice Harkless,POR,24,81.00,220,St. John's (NY),USA,2012,1,15,77,10,4.4,1.1,3.4,0.062,0.107,0.151,0.57,0.056
325,Maurice Ndour,NYK,25,81.00,200,Ohio U.,Senegal,Undrafted,Undrafted,Undrafted,32,3.1,2,0.3,-1.4,0.073,0.149,0.145,0.503,0.037
326,Metta World Peace,LAL,37,79.00,260,St. John's (NY),USA,1999,1,16,25,2.3,0.8,0.4,-17.7,0.031,0.118,0.225,0.38,0.113
327,Meyers Leonard,POR,25,85.00,255,Illinois,USA,2012,1,11,74,5.4,3.2,1,-2.6,0.024,0.194,0.157,0.507,0.085
328,Michael Beasley,MIL,28,82.00,235,Kansas State,USA,2008,1,2,56,9.4,3.4,0.9,-1.6,0.051,0.186,0.248,0.584,0.096
329,Michael Carter-Williams,CHI,25,78.00,190,Syracuse,USA,2013,1,11,45,6.6,3.4,2.5,-0.8,0.029,0.169,0.207,0.437,0.203
330,Michael Gbinije,DET,25,79.00,200,Syracuse,USA,2016,2,49,9,0.4,0.3,0.2,-1.8,0.057,0.037,0.157,0.184,0.087
331,Michael Kidd-Gilchrist,CHA,23,79.00,232,Kentucky,USA,2012,1,2,81,9.2,7,1.4,1.6,0.071,0.194,0.146,0.528,0.074
332,Mike Conley,MEM,29,73.00,175,Ohio State,USA,2007,1,4,69,20.5,3.5,6.3,3.1,0.015,0.108,0.263,0.604,0.329
333,Mike Dunleavy,ATL,36,81.00,230,Duke,USA,2002,1,3,53,5.2,2.2,0.9,-4.3,0.024,0.124,0.141,0.573,0.097
334,Mike Miller,DEN,37,80.00,218,Florida,USA,2000,1,5,20,1.4,1.9,1.1,-3.3,0.016,0.261,0.104,0.586,0.195
335,Mike Muscala,ATL,25,83.00,240,Bucknell,USA,2013,2,44,70,6.2,3.4,1.4,-3.1,0.069,0.15,0.149,0.596,0.121
336,Mike Scott,ATL,28,80.00,237,Virginia,USA,2012,2,43,18,2.5,2.1,0.9,-8.5,0.053,0.171,0.165,0.36,0.15
337,Mike Tobey,CHA,22,84.00,260,Virginia,USA,Undrafted,Undrafted,Undrafted,2,1,1.5,0.5,-27.3,0.083,0.043,0.105,0.25,0.091
338,Miles Plumlee,CHA,28,83.00,249,Duke,USA,2012,1,26,45,2.5,2.1,0.5,-5.9,0.093,0.127,0.131,0.518,0.065
339,Mindaugas Kuzminskas,NYK,27,81.00,215,None,Lithuania,Undrafted,Undrafted,Undrafted,68,6.3,1.9,1,-1.2,0.05,0.084,0.188,0.533,0.102
340,Mirza Teletovic,MIL,31,81.00,245,None,Bosnia,Undrafted,Undrafted,Undrafted,70,6.4,2.3,0.7,3.4,0.011,0.15,0.191,0.515,0.063
341,Monta Ellis,IND,31,75.00,185,None,USA,2005,2,40,74,8.5,2.8,3.2,-0.5,0.011,0.103,0.169,0.514,0.171
342,Montrezl Harrell,HOU,23,80.00,240,Louisville,USA,2015,2,32,58,9.1,3.8,1.1,3.5,0.084,0.137,0.176,0.662,0.097
343,Myles Turner,IND,21,83.00,243,Texas,USA,2015,1,11,81,14.5,7.3,1.3,3.2,0.064,0.192,0.197,0.585,0.065
344,Nemanja Bjelica,MIN,29,82.00,225,None,Serbia,2010,2,35,65,6.2,3.8,1.2,1.3,0.053,0.184,0.164,0.526,0.102
345,Nene,HOU,34,83.00,250,None,Brazil,2002,1,7,67,9.1,4.2,1,6.6,0.085,0.17,0.193,0.63,0.088
346,Nerlens Noel,DAL,23,83.00,228,Kentucky,USA,2013,1,6,51,8.7,5.8,1,-2.6,0.1,0.225,0.176,0.622,0.078
347,Nick Collison,OKC,36,82.00,255,Kansas,USA,2003,1,12,20,1.7,1.6,0.6,-17.2,0.068,0.186,0.101,0.622,0.171
348,Nick Young,LAL,32,79.00,210,Southern California,USA,2007,1,16,60,13.2,2.3,1,-6.9,0.017,0.081,0.195,0.588,0.057
349,Nicolas Batum,CHA,28,80.00,200,None,France,2008,1,25,77,15.1,6.2,5.9,1.3,0.019,0.184,0.221,0.529,0.273
350,Nicolas Brussino,DAL,24,80.00,215,None,Argentina,Undrafted,Undrafted,Undrafted,54,2.8,1.8,0.9,-10.8,0.053,0.165,0.153,0.498,0.144
351,Nicolas Laprovittola,SAS,27,76.00,180,None,Argentina,Undrafted,Undrafted,Undrafted,18,3.3,0.6,1.6,-9.7,0.007,0.058,0.19,0.579,0.301
352,Nik Stauskas,PHI,23,78.00,205,Michigan,Canada,2014,1,8,80,9.5,2.8,2.4,-4.8,0.011,0.102,0.164,0.54,0.129
353,Nikola Jokic,DEN,22,82.00,250,None,Serbia,2014,2,41,73,16.7,9.8,4.9,5.1,0.119,0.272,0.234,0.64,0.266
354,Nikola Mirotic,CHI,26,82.00,238,None,Montenegro,2011,1,23,70,10.6,5.5,1.1,4.7,0.04,0.208,0.198,0.546,0.069
355,Nikola Vucevic,ORL,26,84.00,260,Southern California,Montenegro,2011,1,16,75,14.6,10.4,2.8,-3.6,0.086,0.306,0.243,0.498,0.157
356,Noah Vonleh,POR,21,81.00,245,Indiana,USA,2014,1,9,74,4.4,5.2,0.4,-2,0.111,0.224,0.131,0.525,0.036
357,Norman Powell,TOR,24,76.00,215,UCLA,USA,2015,2,46,76,8.4,2.2,1.1,3.7,0.022,0.12,0.212,0.552,0.094
358,Norris Cole,OKC,28,74.00,175,Cleveland State,USA,2011,1,28,13,3.3,0.8,1.1,-6.4,0,0.105,0.22,0.381,0.177
359,Okaro White,MIA,24,80.00,204,Florida State,USA,Undrafted,Undrafted,Undrafted,35,2.8,2.3,0.6,8.6,0.061,0.142,0.109,0.507,0.061
360,Omer Asik,NOP,30,84.00,255,None,Turkey,2008,2,36,31,2.7,5.3,0.5,-4.9,0.101,0.252,0.088,0.517,0.044
361,Omri Casspi,MIN,29,81.00,225,None,Israel,2009,1,23,36,5.2,3.1,1,-8.4,0.047,0.167,0.14,0.526,0.087
362,Otto Porter Jr.,WAS,24,80.00,198,Georgetown,USA,2013,1,3,80,13.4,6.4,1.5,3.1,0.05,0.172,0.149,0.628,0.066
363,PJ Tucker,TOR,32,78.00,245,Texas,USA,2006,2,35,81,6.7,5.8,1.2,-1.2,0.056,0.181,0.113,0.516,0.063
364,Pascal Siakam,TOR,23,81.00,230,New Mexico State,Cameroon,2016,1,27,55,4.2,3.4,0.3,0,0.083,0.168,0.131,0.523,0.028
365,Pat Connaughton,POR,24,77.00,210,Notre Dame,USA,2015,2,41,39,2.5,1.3,0.7,-5.2,0.036,0.144,0.132,0.645,0.137
366,Patricio Garino,ORL,24,78.00,203,George Washington,Argentina,Undrafted,Undrafted,Undrafted,5,0,1.4,0,-21.1,0.025,0.133,0.103,0,0
367,Patrick Beverley,HOU,28,73.00,185,Arkansas,USA,2009,2,42,67,9.5,5.9,4.2,7.3,0.05,0.159,0.141,0.546,0.184
368,Patrick McCaw,GSW,21,79.00,185,Nevada-Las Vegas,USA,2016,2,38,71,4,1.4,1.1,-0.7,0.021,0.078,0.119,0.54,0.099
369,Patrick Patterson,TOR,28,81.00,235,Kentucky,USA,2010,1,14,65,6.8,4.5,1.2,10.9,0.045,0.162,0.125,0.542,0.066
370,Patty Mills,SAS,28,72.00,185,Saint Mary's (CA),Australia,2009,2,55,80,9.5,1.8,3.5,12,0.015,0.074,0.189,0.578,0.236
371,Pau Gasol,SAS,36,84.00,250,None,Spain,2001,1,3,64,12.4,7.8,2.3,6.8,0.077,0.271,0.216,0.578,0.143
372,Paul George,IND,27,81.00,220,Fresno State,USA,2010,1,10,75,23.7,6.6,3.3,2.9,0.025,0.178,0.29,0.587,0.157
373,Paul Millsap,ATL,32,80.00,246,Louisiana Tech,USA,2006,2,47,69,18.1,7.7,3.7,2,0.053,0.192,0.243,0.542,0.172
374,Paul Pierce,LAC,39,79.00,235,Kansas,USA,1998,1,10,25,3.2,1.9,0.4,2.4,0.004,0.168,0.149,0.535,0.049
375,Paul Zipser,CHI,23,80.00,210,None,Germany,2016,2,48,44,5.5,2.8,0.8,1.6,0.019,0.138,0.145,0.503,0.062
376,Pierre Jackson,DAL,25,70.00,180,Baylor,USA,2013,2,42,8,4.4,1.1,2.4,31.7,0.011,0.111,0.232,0.416,0.322
377,Quincy Acy,BKN,26,79.00,240,Baylor,USA,2012,2,37,38,5.8,3,0.5,-4.7,0.041,0.192,0.169,0.565,0.053
378,Quinn Cook,NOP,24,74.00,179,Duke,USA,Undrafted,Undrafted,Undrafted,14,5.6,0.5,1.9,-7.7,0.006,0.042,0.199,0.579,0.198
379,RJ Hunter,CHI,23,77.00,185,Georgia State,USA,2015,1,28,3,0,0.3,0,-57.8,0,0.077,0.042,0,0
380,Rajon Rondo,CHI,31,73.00,186,Kentucky,USA,2006,1,21,69,7.8,5.1,6.7,-2.1,0.043,0.167,0.177,0.461,0.361
381,Rakeem Christmas,IND,25,81.00,250,Syracuse,USA,2015,2,36,29,2,1.9,0.1,-10.6,0.127,0.157,0.123,0.529,0.027
382,Ramon Sessions,CHA,31,75.00,190,Nevada,USA,2007,2,56,50,6.2,1.5,2.6,-4.8,0.015,0.078,0.197,0.495,0.24
383,Randy Foye,BKN,33,76.00,218,Villanova,USA,2006,1,7,69,5.2,2.2,2,-7,0.007,0.124,0.145,0.506,0.153
384,Rashad Vaughn,MIL,20,78.00,202,UNLV,USA,2015,1,17,41,3.5,1.2,0.6,-7.6,0.01,0.112,0.173,0.449,0.085
385,Raul Neto,UTA,25,73.00,179,None,Brazil,2013,2,47,40,2.5,0.8,0.9,13.9,0.014,0.084,0.147,0.527,0.14
386,Raymond Felton,LAC,33,73.00,205,North Carolina,USA,2005,1,5,80,6.7,2.7,2.4,-4.1,0.021,0.118,0.166,0.496,0.172
387,Reggie Bullock,DET,26,79.00,205,North Carolina,USA,2013,1,25,31,4.5,2.1,0.9,5,0.029,0.119,0.131,0.538,0.086
388,Reggie Jackson,DET,27,75.00,208,Boston College,Italy,2011,1,24,52,14.5,2.2,5.2,-8.8,0.015,0.077,0.264,0.51,0.306
389,Reggie Williams,NOP,30,78.00,205,Virginia Military Institute,USA,Undrafted,Undrafted,Undrafted,6,4.5,1,0.7,-20.2,0.022,0.062,0.132,0.518,0.087
390,Richard Jefferson,CLE,37,79.00,233,Arizona,USA,2001,1,13,79,5.7,2.6,1,3.4,0.02,0.115,0.123,0.574,0.068
391,Richaun Holmes,PHI,23,82.00,245,Bowling Green,USA,2015,2,37,57,9.8,5.5,1,-7.6,0.087,0.198,0.188,0.611,0.081
392,Ricky Rubio,MIN,26,76.00,190,None,Spain,2009,1,5,75,11.1,4.1,9.1,-1,0.032,0.112,0.174,0.539,0.385
393,Robert Covington,PHI,26,81.00,215,Tennessee State,USA,Undrafted,Undrafted,Undrafted,67,12.9,6.5,1.5,-3.5,0.047,0.177,0.19,0.534,0.075
394,Robin Lopez,CHI,29,84.00,255,Stanford,USA,2008,1,15,81,10.4,6.4,1,0.2,0.114,0.131,0.174,0.511,0.054
395,Rodney Hood,UTA,24,80.00,206,Duke,USA,2014,1,23,59,12.7,3.4,1.6,4.2,0.012,0.13,0.231,0.522,0.102
396,Rodney McGruder,MIA,25,76.00,205,Kansas State,USA,Undrafted,Undrafted,Undrafted,78,6.4,3.3,1.6,-0.2,0.054,0.093,0.124,0.506,0.088
397,Rodney Stuckey,IND,31,77.00,205,Eastern Washington,USA,2007,1,15,39,7.2,2.2,2.2,-0.9,0.01,0.125,0.222,0.483,0.184
398,Ron Baker,NYK,24,76.00,220,Wichita State,USA,Undrafted,Undrafted,Undrafted,52,4.1,1.9,2.1,-2.5,0.015,0.113,0.152,0.456,0.188
399,Rondae Hollis-Jefferson,BKN,22,79.00,214,Arizona,USA,2015,1,23,78,8.7,5.8,2,-4.7,0.058,0.21,0.187,0.517,0.135
400,Ronnie Price,PHX,34,74.00,190,Utah Valley,#N/A,Undrafted,Undrafted,Undrafted,14,1,0.8,1.3,-12.8,0.02,0.068,0.087,0.272,0.188
401,Roy Hibbert,DEN,30,86.00,270,Georgetown,USA,2008,1,17,48,4.6,3.2,0.4,-0.3,0.086,0.14,0.139,0.614,0.048
402,Rudy Gay,SAC,30,80.00,230,Connecticut,USA,2006,1,8,30,18.7,6.3,2.8,1.7,0.039,0.176,0.251,0.559,0.14
403,Rudy Gobert,UTA,25,85.00,245,None,France,2013,1,27,81,14,12.8,1.2,8.1,0.138,0.288,0.167,0.681,0.057
404,Russell Westbrook,OKC,28,75.00,200,UCLA,USA,2008,1,4,81,31.6,10.7,10.4,3.3,0.053,0.279,0.408,0.554,0.543
405,Ryan Anderson,HOU,29,82.00,240,California,USA,2008,1,21,72,13.6,4.6,0.9,7.9,0.058,0.115,0.179,0.583,0.046
406,Ryan Kelly,ATL,26,83.00,230,Duke,USA,2013,2,48,16,1.6,1.1,0.5,2.6,0.01,0.168,0.147,0.408,0.116
407,Salah Mejri,DAL,31,86.00,245,None,Tunisia,Undrafted,Undrafted,Undrafted,73,2.9,4.2,0.2,0.2,0.122,0.287,0.107,0.65,0.025
408,Sam Dekker,HOU,23,81.00,230,Wisconsin,USA,2015,1,18,77,6.5,3.7,1,2.8,0.073,0.145,0.15,0.549,0.079
409,Sasha Vujacic,NYK,33,79.00,195,None,Slovenia,2004,1,27,42,3,1.4,1.2,-1.5,0.031,0.123,0.173,0.423,0.189
410,Sean Kilpatrick,BKN,27,76.00,219,Cincinnati,USA,Undrafted,Undrafted,Undrafted,70,13.1,4,2.2,-6.4,0.014,0.153,0.237,0.546,0.147
411,Semaj Christon,OKC,24,75.00,190,Xavier,USA,2014,2,55,64,2.9,1.4,2,-6.5,0.023,0.085,0.127,0.387,0.193
412,Serge Ibaka,TOR,27,82.00,235,None,Congo,2008,1,24,79,14.8,6.8,0.9,-2.7,0.059,0.188,0.211,0.566,0.05
413,Sergio Rodriguez,PHI,31,75.00,176,None,Spain,2006,1,27,68,7.8,2.3,5.1,-5.3,0.015,0.101,0.194,0.484,0.349
414,Seth Curry,DAL,26,74.00,185,Duke,USA,Undrafted,Undrafted,Undrafted,70,12.8,2.6,2.7,-0.7,0.014,0.095,0.197,0.601,0.159
415,Shabazz Muhammad,MIN,24,78.00,223,UCLA,USA,2013,1,14,78,9.9,2.8,0.4,-1.5,0.063,0.109,0.214,0.566,0.038
416,Shabazz Napier,POR,25,73.00,175,Connecticut,USA,2014,1,24,53,4.1,1.2,1.3,2.7,0.019,0.122,0.224,0.533,0.2
417,Shaun Livingston,GSW,31,79.00,192,None,USA,2004,1,4,76,5.1,2,1.8,7.6,0.025,0.095,0.135,0.568,0.146
418,Shawn Long,PHI,24,81.00,255,Louisiana-Lafayette,USA,Undrafted,Undrafted,Undrafted,18,8.2,4.7,0.7,2.6,0.196,0.214,0.245,0.595,0.087
419,Sheldon Mac,WAS,24,78.00,200,Miami (Fla.),USA,Undrafted,Undrafted,Undrafted,30,3,1.1,0.5,-8.7,0.015,0.115,0.143,0.518,0.078
420,Shelvin Mack,UTA,27,75.00,203,Butler,USA,2011,2,34,55,7.8,2.3,2.8,0.3,0.02,0.099,0.195,0.518,0.21
421,Skal Labissiere,SAC,21,83.00,225,Kentucky,Haiti,2016,1,28,33,8.8,4.9,0.8,-2.9,0.095,0.194,0.212,0.577,0.071
422,Solomon Hill,NOP,26,79.00,225,Arizona,USA,2013,1,23,80,7,3.8,1.8,0.9,0.023,0.113,0.115,0.527,0.08
423,Spencer Dinwiddie,BKN,24,78.00,200,Colorado,USA,2014,2,38,59,7.3,2.8,3.1,-4.9,0.022,0.109,0.144,0.581,0.21
424,Spencer Hawes,MIL,29,85.00,245,Washington,USA,2007,1,10,54,6.2,3.5,1.5,-10.2,0.052,0.215,0.197,0.562,0.174
425,Stanley Johnson,DET,21,79.00,245,Arizona,USA,2015,1,8,77,4.4,2.5,1.4,0.2,0.029,0.129,0.148,0.436,0.106
426,Stephen Curry,GSW,29,75.00,190,Davidson,USA,2009,1,7,79,25.3,4.5,6.6,17.2,0.027,0.113,0.292,0.624,0.287
427,Stephen Zimmerman,ORL,20,84.00,240,Nevada-Las Vegas,USA,2016,2,41,19,1.2,1.8,0.2,-18.1,0.093,0.273,0.149,0.346,0.056
428,Steve Novak,MIL,34,82.00,225,Marquette,USA,2006,2,32,8,0.6,0.4,0,-1.6,0,0.143,0.169,0.357,0
429,Steven Adams,OKC,23,84.00,255,Pittsburgh,New Zealand,2013,1,12,80,11.3,7.7,1.1,2.8,0.128,0.151,0.16,0.589,0.054
430,T.J. McConnell,PHI,25,74.00,200,Arizona,USA,Undrafted,Undrafted,Undrafted,81,6.9,3.1,6.6,-6.2,0.02,0.109,0.144,0.504,0.374
431,TJ Warren,PHX,23,80.00,225,North Carolina State,USA,2014,1,14,66,14.4,5.1,1.1,-6.8,0.064,0.116,0.19,0.539,0.056
432,Taj Gibson,OKC,32,81.00,236,Southern California,USA,2009,1,26,78,10.8,6.2,0.9,0.3,0.084,0.181,0.19,0.543,0.057
433,Tarik Black,LAL,25,81.00,250,Kansas,USA,Undrafted,Undrafted,Undrafted,67,5.7,5.1,0.6,-1.9,0.138,0.202,0.154,0.56,0.052
434,Taurean Prince,ATL,23,80.00,220,Baylor,USA,2016,1,12,59,5.7,2.7,0.9,-0.8,0.027,0.143,0.171,0.513,0.091
435,Terrence Jones,MIL,25,81.00,255,Kentucky,USA,2012,1,18,54,10.8,5.7,1.1,-1.7,0.053,0.203,0.216,0.515,0.075
436,Terrence Ross,ORL,26,79.00,195,Washington,USA,2012,1,8,78,11,2.6,1.1,3.4,0.01,0.108,0.189,0.55,0.066
437,Terry Rozier,BOS,23,74.00,190,Louisville,USA,2015,1,16,74,5.5,3.1,1.8,-0.2,0.034,0.162,0.172,0.466,0.164
438,Thabo Sefolosha,ATL,33,79.00,220,None,Switzerland,2006,1,13,62,7.2,4.4,1.7,-0.5,0.038,0.148,0.134,0.519,0.099
439,Thaddeus Young,IND,29,80.00,221,Georgia Tech,USA,2007,1,12,74,11,6.1,1.6,2.5,0.067,0.152,0.165,0.562,0.082
440,Thomas Robinson,LAL,26,82.00,237,Kansas,USA,2012,1,5,48,5,4.6,0.6,-7.5,0.158,0.304,0.206,0.535,0.088
441,Thon Maker,MIL,20,85.00,223,None,South Sudan,2016,1,10,57,4,2,0.4,1.3,0.081,0.167,0.187,0.558,0.069
442,Tiago Splitter,PHI,32,83.00,245,None,Brazil,2007,1,28,8,4.9,2.8,0.5,-3.5,0.1,0.226,0.222,0.544,0.089
443,Tim Frazier,NOP,26,73.00,170,None,USA,Undrafted,Undrafted,Undrafted,65,7.1,2.7,5.2,-3,0.023,0.097,0.163,0.504,0.312
444,Tim Hardaway Jr.,ATL,25,78.00,205,Michigan,USA,2013,1,24,79,14.5,2.8,2.3,3.1,0.019,0.094,0.223,0.568,0.137
445,Tim Quarterman,POR,22,78.00,190,Louisiana State,USA,Undrafted,Undrafted,Undrafted,16,1.9,0.9,0.7,0,0.053,0.119,0.236,0.511,0.234
446,Timofey Mozgov,LAL,30,85.00,275,None,Russia,Undrafted,Undrafted,Undrafted,54,7.4,4.9,0.8,-9.2,0.097,0.16,0.17,0.553,0.061
447,Timothe Luwawu-Cabarrot,PHI,22,78.00,205,None,France,2016,1,24,69,6.4,2.2,1.1,-2.5,0.023,0.112,0.177,0.536,0.093
448,Tobias Harris,DET,24,81.00,235,Tennessee,USA,2011,1,19,82,16.1,5.1,1.7,-1.3,0.026,0.155,0.218,0.568,0.087
449,Tomas Satoransky,WAS,25,79.00,210,None,Czech Republi...,2012,2,32,57,2.7,1.5,1.6,2.3,0.041,0.089,0.127,0.477,0.183
450,Toney Douglas,MEM,31,74.00,195,Florida State,USA,2009,1,29,24,4.9,2.5,2.3,-0.3,0.035,0.157,0.165,0.451,0.214
451,Tony Allen,MEM,35,76.00,213,Oklahoma State,USA,2004,1,25,71,9.1,5.5,1.4,1.2,0.095,0.139,0.181,0.493,0.083
452,Tony Parker,SAS,35,74.00,185,None,Belgium,2001,1,28,63,10.1,1.8,4.5,5.4,0.007,0.072,0.207,0.514,0.276
453,Tony Snell,MIL,25,79.00,217,New Mexico,USA,2013,1,20,80,8.5,3.1,1.2,-1.2,0.011,0.111,0.122,0.603,0.058
454,Treveon Graham,CHA,23,78.00,226,Virginia Commonwealth,USA,Undrafted,Undrafted,Undrafted,27,2.1,0.8,0.2,-11.6,0.029,0.098,0.121,0.612,0.058
455,Trevor Ariza,HOU,32,80.00,215,UCLA,USA,2004,2,43,80,11.7,5.7,2.2,5.7,0.021,0.162,0.141,0.548,0.088
456,Trevor Booker,BKN,29,80.00,228,Clemson,USA,2010,1,23,71,10,8,1.9,-7.9,0.089,0.251,0.188,0.554,0.131
457,Trey Burke,WAS,24,73.00,191,Michigan,USA,2013,1,9,57,5,0.8,1.8,-9.2,0.012,0.065,0.205,0.532,0.23
458,Trey Lyles,UTA,21,82.00,234,Kentucky,USA,2015,1,12,71,6.2,3.3,1,0.9,0.047,0.178,0.214,0.464,0.098
459,Tristan Thompson,CLE,26,81.00,238,Texas,Canada,2011,1,4,78,8.1,9.2,1,2.9,0.135,0.196,0.112,0.594,0.046
460,Troy Daniels,MEM,25,76.00,205,Virginia Commonwealth,USA,Undrafted,Undrafted,Undrafted,67,8.2,1.5,0.7,0.3,0.02,0.077,0.21,0.531,0.065
461,Troy Williams,HOU,22,79.00,210,Indiana,USA,Undrafted,Undrafted,Undrafted,30,6.2,2.3,0.8,-5.4,0.029,0.107,0.171,0.511,0.072
462,Ty Lawson,SAC,29,71.00,195,North Carolina,USA,2009,1,18,69,9.9,2.6,4.8,-4.2,0.029,0.087,0.193,0.551,0.3
463,Tyler Ennis,LAL,22,75.00,194,Syracuse,Canada,2014,1,18,53,4.3,0.8,1.6,-0.2,0.017,0.072,0.194,0.521,0.211
464,Tyler Johnson,MIA,25,76.00,186,Fresno State,USA,Undrafted,Undrafted,Undrafted,73,13.7,4,3.2,0.5,0.025,0.125,0.207,0.535,0.17
465,Tyler Ulis,PHX,21,70.00,150,Kentucky,USA,2016,2,34,61,7.3,1.6,3.7,-6.5,0.018,0.073,0.202,0.474,0.297
466,Tyler Zeller,BOS,27,84.00,253,North Carolina,USA,2012,1,17,51,3.5,2.4,0.8,0.2,0.088,0.167,0.164,0.508,0.125
467,Tyreke Evans,SAC,27,78.00,220,Memphis,USA,2009,1,4,40,10.3,3.4,3.1,-8.6,0.017,0.178,0.27,0.501,0.281
468,Tyson Chandler,PHX,34,85.00,240,None,USA,2001,1,2,47,8.4,11.5,0.6,-2.9,0.127,0.339,0.113,0.703,0.033
469,Tyus Jones,MIN,21,74.00,195,Duke,USA,2015,1,24,60,3.5,1.1,2.6,2.5,0.015,0.089,0.135,0.523,0.276
470,Udonis Haslem,MIA,37,80.00,235,Florida,USA,Undrafted,Undrafted,Undrafted,16,1.9,2.3,0.4,-23.8,0.063,0.255,0.131,0.524,0.094
471,Victor Oladipo,OKC,25,76.00,210,Indiana,USA,2013,1,2,67,15.9,4.3,2.6,2.5,0.019,0.123,0.213,0.534,0.122
472,Vince Carter,MEM,40,78.00,220,North Carolina,USA,1998,1,5,73,8,3.1,1.8,3.6,0.023,0.128,0.149,0.542,0.112
473,Wade Baldwin IV,MEM,21,76.00,202,Vanderbilt,USA,2016,1,17,33,3.2,1.4,1.8,-16.9,0.029,0.097,0.191,0.404,0.262
474,Wayne Ellington,MIA,29,76.00,200,North Carolina,USA,2009,1,28,62,10.5,2.1,1.1,2.7,0.013,0.087,0.179,0.565,0.07
475,Wayne Selden,MEM,22,77.00,230,Kansas,USA,Undrafted,Undrafted,Undrafted,14,5.1,1.1,0.9,-7.4,0.005,0.066,0.162,0.525,0.09
476,Wesley Johnson,LAC,29,79.00,215,Syracuse,USA,2010,1,4,68,2.7,2.7,0.3,-2.9,0.035,0.209,0.126,0.448,0.042
477,Wesley Matthews,DAL,30,77.00,220,Marquette,USA,Undrafted,Undrafted,Undrafted,73,13.5,3.5,2.9,-3.5,0.008,0.117,0.196,0.533,0.138
478,Will Barton,DEN,26,78.00,175,Memphis,USA,2012,2,40,60,13.7,4.3,3.4,-2.9,0.037,0.132,0.211,0.547,0.185
479,Willie Cauley-Stein,SAC,23,84.00,240,Kentucky,USA,2015,1,6,75,8.1,4.5,1.1,-6.3,0.069,0.2,0.199,0.558,0.093
480,Willie Reed,MIA,27,83.00,245,Saint Louis,USA,Undrafted,Undrafted,Undrafted,71,5.3,4.7,0.4,2.6,0.135,0.223,0.153,0.578,0.04
481,Willy Hernangomez,NYK,23,83.00,240,None,Spain,2015,2,35,72,8.2,7,1.3,-2.8,0.142,0.263,0.202,0.564,0.116
482,Wilson Chandler,DEN,30,80.00,225,DePaul,USA,2007,1,23,71,15.7,6.5,2,-1.7,0.052,0.178,0.221,0.545,0.097
483,Yogi Ferrell,DAL,24,72.00,180,Indiana,USA,Undrafted,Undrafted,Undrafted,46,10,2.4,3.7,-4.1,0.018,0.091,0.196,0.533,0.232
484,Zach LaVine,MIN,22,77.00,185,UCLA,USA,2014,1,13,47,18.9,3.4,3,-3.6,0.012,0.098,0.218,0.576,0.128
485,Zach Randolph,MEM,35,81.00,260,Michigan State,USA,2001,1,19,73,14.1,8.2,1.7,-1.1,0.113,0.28,0.285,0.49,0.131
486,Zaza Pachulia,GSW,33,83.00,275,None,Georgia,2003,2,42,70,6.1,5.9,1.9,15.8,0.13,0.225,0.151,0.588,0.131
